name,url,username,password,note
11ticorp.slack.com,https://11ticorp.slack.com/,ngqanhtu@gmail.com,7Khongco,
123go.vn,https://123go.vn/,ngqanhtu@gmail.com,7Khongco,
15cables.com,https://15cables.com/account/login,nqanhtu@outlook.com,@nhTu0405,
192.168.1.1,https://192.168.1.1/wanethconf.cgi,admin,admin,
4share.vn,https://4share.vn/,s01694949049,01694949049,
FitbitMobile.fitbit.com,android://vsEcmb1XweTyOamEOum6jDlxTdx2wdB5pJ14z_q9Pk-Ad6y0ZbYMcwX9a0aH6Qvf1zretAlOEbPJC1j28qx9Tw==@com.fitbit.FitbitMobile/,ngqanhtu@gmail.com,7Khongco,
VCB.com,android://FoFvbHlQdVraK5ba7uEfY6M3SjqIPi_OalKMnbUZM6EWUksvMpY6QlgVSWbos-pgVr-bP-rJFJKsl2FYY_ZWeA==@com.VCB/,034.....97,7Khongco,
access.oup.com,https://access.oup.com/,ngqanhtu@gmail.com,7Khongco,
access.oup.com,https://access.oup.com/eac/login.htm,nqanhtu@outlook.com,@nhTu0405,
account.cellphones.com.vn,https://account.cellphones.com.vn/,0334,@nhTu2903,
account.cellphones.com.vn,https://account.cellphones.com.vn/,0334290396,@nhTu2903,
account.cellphones.com.vn,https://account.cellphones.com.vn/,0343456397,@nhTu0405,
account.cellphones.com.vn,https://account.cellphones.com.vn/register,nqanhtu@outlook.com,@nhTu2903,
account.jetbrains.com,https://account.jetbrains.com/login,1412624@student.hcmus.edu.vn,7Khongco,
account.live.com,https://account.live.com/password/Change,ngqanhtu@outlook.com,7Khongco,
account.samsung.com,https://account.samsung.com/accounts/v1/FMM/signInGate,ngqanhtu@gmail.com,7Khongco,
account.seller.shopee.com,https://account.seller.shopee.com/signin/oauth/identifier,MAYINAYIN:LIVEHCM,Fani@123,
account.seller.shopee.com,https://account.seller.shopee.com/signin/oauth/identifier,MAYINAYIN:LIVESTREAM22,Fani@123,
account.voicetube.com,https://account.voicetube.com/en-us/login,nqanhtu@outlook.com,@nhTu0405,
account.xiaomi.com,https://account.xiaomi.com/pass/serviceLogin,ngqanhtu@gmail.com,7Khongco,
accounts.autodesk.com,https://accounts.autodesk.com/logon,1412624@student.hcmus.edu.vn,F6-cJbV4jf4.RUV,
accounts.autodesk.com,https://accounts.autodesk.com/register,nqanhtu@outlook.com,@nhTu0405,
accounts.chotot.com,https://accounts.chotot.com/login,0343456397,7Khongco,
accounts.epicgames.com,https://accounts.epicgames.com/register/customized,ngqanhtu1@gmail.com,7Khongco,
accounts.fitbit.com,https://accounts.fitbit.com/login,ngqanhtu@gmail.com,7Khongco,
accounts.fpt.vn,https://accounts.fpt.vn/sso/Auth/Identifier,0334290396,@nhTu0405,
accounts.google.com,https://accounts.google.com/,hongmy2101,QuyenTuyen,
accounts.google.com,https://accounts.google.com/,ngqanhtu,@nhTu0405,
accounts.google.com,https://accounts.google.com/AddSession,fit.hcmus.20years,cntt2015,
accounts.google.com,https://accounts.google.com/AddSession/identifier,loc.lt2685@arena-multimedia.edu.vn,md0348591116,
accounts.google.com,https://accounts.google.com/InteractiveLogin/identifier,mophim123az,md0348591116,
accounts.google.com,https://accounts.google.com/ServiceLogin,hongmy2101@gmail.com,QuyenTuyen,
accounts.google.com,https://accounts.google.com/ServiceLogin,ngqanhtu,@nhTu0405,
accounts.google.com,https://accounts.google.com/ServiceLogin,ngqanhtu@gmail.com,@nhTu0405,
accounts.google.com,https://accounts.google.com/ServiceLogin,nguynquyn2712@gmail.com,bequyenhG8,
accounts.google.com,https://accounts.google.com/ServiceLogin/identifier,dongfilm123@gmail.com,Nhieu1the2loai.,
accounts.google.com,https://accounts.google.com/SignUp,anhtus.hcmus,7Khongco,
accounts.google.com,https://accounts.google.com/multilogin/challenge/sl/password,dev.wahsis,Wahsis@123456,
accounts.google.com,https://accounts.google.com/signin/challenge/sl/password,ngqanhtu,@nhTu0405,
accounts.google.com,https://accounts.google.com/signin/v1/lookup,ngqanhtu,@nhTu0405,
accounts.google.com,https://accounts.google.com/signin/v2/challenge/pwd,anhtudovo@gmail.com,anhtu@123,
accounts.google.com,https://accounts.google.com/signin/v2/challenge/pwd,hoichoivision,Mot+Hai=3,
accounts.google.com,https://accounts.google.com/signin/v2/challenge/pwd,ngqanhtu,@nhTu0405,
accounts.google.com,https://accounts.google.com/signin/v2/sl/pwd,ngqanhtu,@nhTu0405,
accounts.google.com,https://accounts.google.com/signin/v2/sl/pwd,tu@scaleflex.com,7Khongco,
accounts.google.com,https://accounts.google.com/v3/signin/challenge/pwd,hanetflixchill@gmail.com,Ha050396,
accounts.google.com,https://accounts.google.com/v3/signin/challenge/pwd,hoichoivision@gmail.com,Mot+Hai=3,
accounts.google.com,https://accounts.google.com/v3/signin/challenge/pwd,mydung452001@gmail.com,md0348591116,
accounts.google.com,https://accounts.google.com/v3/signin/identifier,anhemcss@gmail.com,BanPo2129,
accounts.google.com,https://accounts.google.com/v3/signin/identifier,truongnhatky1603@gmail.com,md0348591116,
accounts.mochidemy.com,https://accounts.mochidemy.com/login,nqanhtu@outlook.com,7Khongco,
accounts.nike.com,https://accounts.nike.com/lookup,nqanhtu@outlook.com,7Khongco,
accounts.pubg.com,https://accounts.pubg.com/login,ngqanhtu@gmail.com,7Khongco,
accounts.sapo.vn,https://accounts.sapo.vn/register/confirm,0343456397,br3QQ2N_Jz!Wsgh,
accounts.snapchat.com,https://accounts.snapchat.com/accounts/login,ngqanhtu,7Khongco,
accounts.spotify.com,https://accounts.spotify.com/,ngqanhtu@gmail.com,7Khongco,
accounts.spotify.com,https://accounts.spotify.com/en-US/login,ngqanhtu@gmail.com,7Khongco,
accounts.spotify.com,https://accounts.spotify.com/en/login,,7Khongco,
accounts.spotify.com,https://accounts.spotify.com/en/login,ngqanhtu@outlook.com,7Khognco,
accounts.spotify.com,https://accounts.spotify.com/vi-VN/login,nqanhtu293@gmail.com,7Khongco,
accounts.stockx.com,https://accounts.stockx.com/login,nqanhtu@outlook.com,@nhTu0405,
activity.vn.foody.com,android://MQpz9C0ynjU9yVLsBSE41JWAh4oZvhOVOl-ntlerlzxhTcx2OIeY678Oll7rlJjuNkEmXUvQsd6oZAXfX0776g==@com.foody.vn.activity/,nqatu,7Khongco,
adobeid-na1.services.adobe.com,https://adobeid-na1.services.adobe.com/renga-idprovider/pages/login,ngqanhtu@gmail.com,7Khongco,
android.lazada.com,android://ySFWqIe-mdLvrOZgb2w9JvP6tS2iW9kUX6f1dt6q8iORmtmixZngxIjGoxGcMcdvD3sr5wsBjL1A_YgqxG5Gpg==@com.lazada.android/,0343456397,7Khongco,
android.snapchat.com,android://rx1M7HNclOtlTbka8IqBM_RA-PPzS-htzHtHBJQcOM2oNQSOsZxZF1j1MPteckITXrJ7xKh6mEC2HmKZpBwBrg==@com.snapchat.android/,ngqanhtu,7Khongco,
ankiweb.net,https://ankiweb.net/account/login,nqanhtu@outlook.com,@nhTu0405,
ap-southeast-1.console.aws.amazon.com,https://ap-southeast-1.console.aws.amazon.com/rds/home,admindatabase,Mot+Mot=Hai,
ap-southeast-1.console.aws.amazon.com,https://ap-southeast-1.console.aws.amazon.com/rds/home,bopadmin,Mot+Mot=Hai,
aphim.co,https://aphim.co/,1996,7Khongco,
api.id.me,https://api.id.me/en/registration/new,ngqanhtu1@gmail.com,7Khongco,
app.android.twitch.tv,android://dKranQB7c5H2WKHJF5rygyRh5-vrf7ZVODNX_XoJgJ5YncxgwK7vbH1kZrYCLmv68MEawe5nFA-sfKQk9mrbFQ==@tv.twitch.android.app/,nqanhtu,7Khongco,
app.codility.com,https://app.codility.com/programmers/login/,nqanhtu@outlook.com,@nhTu0405,
app.gather.town,https://app.gather.town/app/nz69t1aiaHkYsUgY/Awaken%20classroom%202,,ae051021,
app.memrise.com,https://app.memrise.com/bienvenue,nqanhtu@outlook.com,7Khongco,
app.mystudylife.com,https://app.mystudylife.com/,1412624@student.hcmus.edu.vn,7Khongco,
app.pluralsight.com,https://app.pluralsight.com/id,tu.nguyenquocanh@gforces.auto,7Khongco,
app.rezi.ai,https://app.rezi.ai/login,nqanhtu@outlook.com,@nhTu0405,
appleid.apple.com,https://appleid.apple.com/account,tienttt14501@st.uel.edu.vn,11Tiluongthevinh,
appleid.apple.com,https://appleid.apple.com/account,tu.nguyen@wahsis.com,7Khongco,
appleid.apple.com,https://appleid.apple.com/auth/authorize,nqanhtu@icloud.com,7Khongco,
apps.abacus.ai,https://apps.abacus.ai/chatllm/signin/,nqanhtu@outlook.com,@nhTu0405,
apps.nulab-inc.com,https://apps.nulab-inc.com/signup,ngqanhtu@gmail.com,7Khongco,
aresproduction.vn,https://aresproduction.vn/wp-login.php,sythi_ng1995,x7JGTXtMN4WXqox%)eYk8hB8,
ask.fm,https://ask.fm/TrinhLylyHuynh,ngqanhtu,7Khongco,
atgglobal.bamboohr.com,https://atgglobal.bamboohr.com/login.php,tu.nguyenquocanh@gforces.auto,7Khongco,
auth.garena.com,https://auth.garena.com/oauth/login,ngqanhtu,7Khongco,
auth.openai.com,https://auth.openai.com/log-in/password,nqanhtu@outlook.com,@nhTu0405,
auth.services.adobe.com,https://auth.services.adobe.com/,ngqanhtu@gmail.com,7Khongco,
auth.services.adobe.com,https://auth.services.adobe.com/en_US/index.html,ngqanhtu@gmail.com,7Khongco,
auth.services.adobe.com,https://auth.services.adobe.com/en_US/index.html,nqanhtu@outlook.com,7Khongco,
auth0.openai.com,https://auth0.openai.com/u/login/password,nqanhtu@icloud.com,AnhTu@0405,
auth0.openai.com,https://auth0.openai.com/u/signup/password,nqanhtu@outlook.com,@nhTu0405,
authen.adayroi.com,https://authen.adayroi.com/oauth/Authenticate,ngqanhtu@gmail.com,7Khongco,
authenticator.cursor.sh,https://authenticator.cursor.sh/sign-up/password,nqanhtu@outlook.com,@nhTu0405,
authgop.garena.com,https://authgop.garena.com/oauth/login,ngqanhtu,7Khongco,
beta.fptplay.vn,https://beta.fptplay.vn/dang-nhap,0975702240,290396,
beyourstyle.store,https://beyourstyle.store/account/register,nqanhtu@outlook.com,@nhTu2903,
bopteamitus.slack.com,https://bopteamitus.slack.com/,ngqanhtu@outlook.com,7Khongco,
bre.eltkeynote.com,https://bre.eltkeynote.com/teacher-resources/audioscripts-word,nqanhtu@outlook.com,U3#dbqZbBtnz,
btcltv.slack.com,https://btcltv.slack.com/,ngqanhtu@outlook.com,7Khongco,
cam.vsco.com,android://xr18eGZKFwbDXlizijfEBn_tgUMb1squiLuUGrjxZAtxLpFySnc4n9JXGv1PzOMqyMpLWx0LhMOJcbzLfO07qA==@com.vsco.cam/,ngqanhtu@outlook.com,12345678,
cellphones.com.vn,https://cellphones.com.vn/smember/,0343456397,@nhTu2903,
cloud.digitalocean.com,https://cloud.digitalocean.com/login,ngqanhtu@outlook.com,7Khongco,
cnbuy.app,https://cnbuy.app/pages/login/login,0334290396,@nhTu0405,
code.scaleflex.cloud,https://code.scaleflex.cloud/users/sign_in,nqanhtu,7Khongco,
code.scaleflex.cloud,https://code.scaleflex.cloud/users/sign_in,nqanhtu@outlook.com,7Khongco,
coinmarketcap.com,https://coinmarketcap.com/vi/currencies/shiba-inu/,nqanhtu@outlook.com,@nhTu2903,
coolmate.me,https://coolmate.me/account/login,ngqanhtu@gmail.com,7Khongco,
coolmate.me,https://coolmate.me/account/register,0343456397,7Khongco,
courses.edx.org,https://courses.edx.org/login,ngqanhtu@outlook.com,7Khongco,
courses.fit.hcmus.edu.vn,https://courses.fit.hcmus.edu.vn/,1412624,BanPo2129,
courses.fit.hcmus.edu.vn,https://courses.fit.hcmus.edu.vn/moodlenew/login/index.php,1412624,BanPo2129,
court-management-livid.vercel.app,https://court-management-livid.vercel.app/login,superadmin,admin@123,
cqvwdk-5173.csb.app,https://cqvwdk-5173.csb.app/login,lá@ss.com,ksksks,
cte233.vlu.edu.vn,https://cte233.vlu.edu.vn/login/index.php,dung.2173201081676,VLU04052001,
cte241.vlu.edu.vn,https://cte241.vlu.edu.vn/login/index.php,dung.2173201081676,VLU04052001,
customer.cloudmqtt.com,https://customer.cloudmqtt.com/login,nqanhtu@outlook.com,@nhTu0405,
customer.cloudmqtt.com,https://customer.cloudmqtt.com/signup/confirm,ngqanhtu@gmail.com,4fGPJw6bZ8MXcqV,
dashboard.fauna.com,https://dashboard.fauna.com/accounts/register,nqanhtu@outlook.com,7Khongco,
dashboard.ionicframework.com,https://dashboard.ionicframework.com/login,ngqanhtu@gmail.com,7Khongco,
dashboard.stripe.com,https://dashboard.stripe.com/register,ngqanhtu@gmail.com,@nhTu29031996,
dcards.dev,https://dcards.dev/,admin,123456,
deliverynow.com,android://MQpz9C0ynjU9yVLsBSE41JWAh4oZvhOVOl-ntlerlzxhTcx2OIeY678Oll7rlJjuNkEmXUvQsd6oZAXfX0776g==@com.deliverynow/,nqatu,7Khongco,
designclubteam.slack.com,https://designclubteam.slack.com/,ngqanhtu@outlook.com,7Khongco,
dichvucong.baohiemxahoi.gov.vn,https://dichvucong.baohiemxahoi.gov.vn/,7526624460,646131,
dictionary.cambridge.org,https://dictionary.cambridge.org/auth/signin,nqanhtu@outlook.com,7Khongco,
didongviet.vn,https://didongviet.vn/uu-dai-dich-vu/d-vip-voucher-di-dong-viet-2c0adf.html,nqanhtu@outlook.com,@nhTu0405,
discord.com,android://BnX9M66KmaqmzgqWgQxmbrJB_wO0ST53-DUZCnxDdLwf4JAsUtM2kKGudjeBclJFUquAP2JTpypk9qobA6PGMA==@com.discord/,ngqanhtu@outlook.com,7Khongco,
discord.com,https://discord.com/channels/@me,nqanhtu1@outlook.com,7Khongco,
discord.com,https://discord.com/login,nqanhtu@outlook.com,7Khongco,
discordapp.com,https://discordapp.com/login,ngqanhtu@gmail.com,7Khongco,
discordapp.com,https://discordapp.com/login,ngqanhtu@outlook.com,7Khongco,
dodogear.vn,https://dodogear.vn/account/register,nqanhtu@outlook.com,@nhTu0405,
drive.google.com,https://drive.google.com/drive/folders/0Bx5V-sGacbaQMW9yZTc5UTlCYnM,IS_CTT222-CDCLHTTT - Seminar.pdf,hatu-2017,
drive.google.com,https://drive.google.com/drive/folders/0Bx5V-sGacbaQSmRqNWh3aFZ6aE0,CTT222-CDCLHTTT-01-Gioi thieu cac HTTT hien dai.pptx.pdf,hatu-2017,
drop.com,https://drop.com/,nqanhtu@outlook.com,@nhTu2903,
e5.onthehub.com,https://e5.onthehub.com/,1412624@student.hcmus.edu.vn,7Khongco,
e5.onthehub.com,https://e5.onthehub.com/WebStore/Security/SignIn.aspx,1412624@student.hcmus.edu.vn,7Khongco,
egghead.io,https://egghead.io/users/sign_up,Tu,W2bjViV75Df!N9U,
elsa.nobarriers.us,android://p2wSGNc9cPWkP6-8VRir7wq9uk4P-KJFYbcrxwptAFGK_2OwYq5pp0UCTOtCFnvfdkaEmtP3oFELT-brqFCzHw==@us.nobarriers.elsa/,ngqanhtu@gmail.com,7Khongco,
eu-west-1.signin.aws.amazon.com,https://eu-west-1.signin.aws.amazon.com/oauth,tu.nguyenquocanh,@nhTu2903,
expo.io,https://expo.io/login,nqanhtu@outlook.com,7Khongco,
family.qustodio.com,https://family.qustodio.com/,ngqanhtu@gmail.com,7Khongco,
feedly.com,https://feedly.com/v3/auth/login,ngqanhtu@gmail.com,SAPPGBVqa8Vubmn,
fitfood.vn,https://fitfood.vn/,nqanhtu@gmail.com,7Khongco,
fnb.mysapo.vn,https://fnb.mysapo.vn/admin/authorization/login,0333301121,111111,
fptplay.net,https://fptplay.net/,ngqanhtu,7Khongco,
fptplay.vn,https://fptplay.vn/,0975702240,290396,
fptplay.vn,https://fptplay.vn/event/5c78eef22089bd00d6f87083/hoang-anh-gia-lai-tp-ho-chi-minh-vong-2-v-league-2019.html,0343456397,7Khongco,
frontendmasters.com,https://frontendmasters.com/login/,engineering.training@aspireapp.com,hme8bvm_HTB!mxk3nya,
geekhack.org,https://geekhack.org/index.php,nqanhtu,@nhTu0405,
geon.works,https://geon.works/account/login,nqanhtu@outlook.com,@nhTu0405,
gforces.ganttic.com,https://gforces.ganttic.com/,tu.nguyenquocanh@gforces.auto,gforces123,
gforceswebmanagementltd.peoplehr.net,https://gforceswebmanagementltd.peoplehr.net/Pages/User/Login.aspx,tu.nguyenquocanh@gforces.auto,@nhTu2903,
github.com,https://github.com/,1412624,7Khongco,
github.com,https://github.com/,ngqanhtu@outlook.com,7Khongco,
github.com,https://github.com/session,ngqanhtu@outlook.com,7Khongco,
github.com,https://github.com/session,nqanhtu,@nhTu2903,
github.com,https://github.com/session,rubj712@gmail.com,Knock2knock.,
github.com,https://github.com/session,tunqa,@nhTu2903,
gitlab.com,https://gitlab.com/,tunqa,7Khongco,
gr-li-git-feature-edit-battery-device-form-tunqa.vercel.app,https://gr-li-git-feature-edit-battery-device-form-tunqa.vercel.app/login,admin,admin,
gr-li.vercel.app,https://gr-li.vercel.app/login,admin,admin,
hasaki.vn,https://hasaki.vn/san-pham/bo-goi-xa-buoi-cocoon-giam-gay-rung-toc-500ml-310ml-113217.html,0334290396,@nhTu0405,
hdbank.vietjetair.com,https://hdbank.vietjetair.com/vjaoauth_v2/,0334290396,@nhTu2903,
help.steampowered.com,https://help.steampowered.com/en/wizard/Login,ngqanhtu,7Khongco,
hemstore.vn,https://hemstore.vn/account/register,29/03/1996,7Khongco,
hkgcosisep003.enterprisenet.org:8443,https://hkgcosisep003.enterprisenet.org:8443/portal/PortalSetup.action,guestn24d6u,9G-wTt)k,
hocmai.vn,https://hocmai.vn/login/index.php,Mật khẩu,leduy13031954,
home.openweathermap.org,https://home.openweathermap.org/users/sign_in,ngqanhtu1@gmail.com,12345678,
homeoffice.com.vn,https://homeoffice.com.vn/profiles-add-vi.html,ngqanhtu@gmail.com,7Khongco,
http://10.9.12.144:49001,http://10.9.12.144:49001/jenkins/login,tu.nguyen,123456@,
http://127.0.0.1:32400,http://127.0.0.1:32400/web/index.html,ngqanhtu,7Khongco,
http://127.0.0.1:5173,http://127.0.0.1:5173/,nqanhtu@outlook.com,@nhTu2903,
http://192.168.0.1,http://192.168.0.1/,anhtu,7Khongco,
http://192.168.0.1,http://192.168.0.1/,nqanhtu,7Khongco,
http://192.168.0.1,http://192.168.0.1/index.asp,,MotHaiBa123,
http://192.168.1.1,http://192.168.1.1/,admin,admin,
http://192.168.1.1,http://192.168.1.1/,anhtu,anhtu,
http://192.168.1.1,http://192.168.1.1/wanethconf.cgi,admin,admin,
http://192.168.2.251,http://192.168.2.251/,admin,admin,
http://192.168.2.86,http://192.168.2.86/,admin,7531404865,
http://27.120.88.24,http://27.120.88.24/index.php,,kenh76.vn,
http://4share.vn,http://4share.vn/,s01694949049,01694949049,
http://4share.vn,http://4share.vn/default/index/login,s01694949049,01694949049,
http://4share.vn,http://4share.vn/index/login,s01643456397,twxna9,
http://appvn.com,http://appvn.com/,ngqanhtu,television,
http://beta.mp3.zing.vn,http://beta.mp3.zing.vn/,gameking03,123456,
http://beta.mp3.zing.vn,http://beta.mp3.zing.vn/bai-hat/Mua-Xa-Nhau-Emily/ZW6FOAUA.html,gameking03,123456,
http://beta.mp3.zing.vn,http://beta.mp3.zing.vn/bai-hat/Tro-Ve-Noi-Do-Nouvo-Fi-Son-Tung-M-TP-Ho-Trung-Dung-Pham-Anh-Khoa-Clound-Hoang-Maxi-Vu/ZW6EZ797.html,gameking01,29031996,
http://beta.nhaccuatui.com,http://beta.nhaccuatui.com/playlist/who-are-you-school-2015-ost-va.uTqphLrTcjoC.html,ngqanhtu,123456,
http://buy.dathangtaobao.vn,http://buy.dathangtaobao.vn/Account/Login,ngqanhtu@gmail.com,7Khongco,
http://clip.vn,"http://clip.vn/watch/Tuan-Anh-nhay-day-sieu-ngo-o-tuyen-Olympic-Viet-Nam,R0wu/",ngmthongpro,ngmthong,
http://code.wahsis.net,http://code.wahsis.net/login,tu.nguyen,7Khongco,
http://connect.mheducation.com,http://connect.mheducation.com/connect/login/index.htm,tuyen.nguyen10@student.hccs.edu,1234=Abcd,
http://crm.rnt.vn,http://crm.rnt.vn/dang-nhap;name=%C4%90%C4%83ng%20nh%E1%BA%ADp;alias=dang-nhap;hidden=true,administrator,123123,
http://ctsv.hcmus.edu.vn,http://ctsv.hcmus.edu.vn/onlinetest/login/index.php,1412624,BanPo2129,
http://cus.vse.stg.rnt.vn,http://cus.vse.stg.rnt.vn/dang-nhap.html,letho@gmail.com,1234567,
http://dev.wahsis.net,http://dev.wahsis.net/login.html,wahsis-admin,123456,
http://diendan.4share.vn,http://diendan.4share.vn/,s01694949049,01694949049,
http://diendan.4share.vn,http://diendan.4share.vn/index.php,s01643456397,twxna9,
http://docs.wahsis.net,http://docs.wahsis.net/login.action,tu.nguyen,7Khongco,
http://fans.fcbarcelona.com,http://fans.fcbarcelona.com/,ngqanhtu@gmail.com,7Khongco,
http://fans.fcbarcelona.com,http://fans.fcbarcelona.com/games,ngqanhtu@gmail.com,7Khongco,
http://forum.kites.vn,http://forum.kites.vn/,ngqanhtu@gmail.com,4ba4e2148e3ab16afaa8913e9efc1238,
http://gitlab.ncs.int,http://gitlab.ncs.int/users/sign_in,tunqa,@nhTu2903,
http://gitlab.rnt.vn,http://gitlab.rnt.vn/users/sign_in,tunqa,@nhTu2903,
http://hdonline.vn,http://hdonline.vn/,anhtu2903,7Khongco,
http://hocdan.com,http://hocdan.com/,ngqanhtu,7Khongco,
http://hocdan.com,http://hocdan.com/chuyen-muc/2/guitar-dem-hat,ngqanhtu,7Khongco,
http://idgunny.zing.vn,http://idgunny.zing.vn/zingme/index.php,gameking01,29031996,
http://ieltsplanet.info,http://ieltsplanet.info/register/,tunqa,6DyPM5qhN6V22DK,
http://localhost:5173,http://localhost:5173/login,admin,admin,
http://localhost:8080,http://localhost:8080/login,user@gforces.co.uk,Testing123,
http://localhost:8888,http://localhost:8888/wordpress/wp-admin/user-new.php,aaaaaaa,e4jfCWmRRh^kzJrb$9KRh$iD,
http://login.me.zing.vn,http://login.me.zing.vn/,betuyenbobo,betuyenbobo123,
http://login.me.zing.vn,http://login.me.zing.vn/,gameking01,29031996,
http://login.me.zing.vn,http://login.me.zing.vn/,roxybelly,lamtuyen,
http://login.net.vn,http://login.net.vn/,hpr20650,1700,
http://login.net.vn,http://login.net.vn/,pr193542,7773,
http://login.net.vn,http://login.net.vn/,pr423836,7454,
http://login.net.vn,http://login.net.vn/,we448142,3083,
http://m.tienganh123.com,http://m.tienganh123.com/login,bebe23,Thong1998,
http://m3.login.me.zing.vn,http://m3.login.me.zing.vn/social/login,betuyenbobo,betuyenbobo123,
http://mail.wahsis.com,http://mail.wahsis.com/,tu.nguyen@wahsis.com,7Khongco,
http://moon.vn,http://moon.vn/ThanhVien1/login1.aspx,ngqanhtu,vip2903,
http://movies.hdviet.com,http://movies.hdviet.com/,01643456397,7Khongco,
http://mp3.zing.vn,http://mp3.zing.vn/,gameking01,29031996,
http://mp3.zing.vn,http://mp3.zing.vn/,gameking03,123456,
http://mp3.zing.vn,http://mp3.zing.vn/,gameking04,123456,
http://mp3.zing.vn,http://mp3.zing.vn/,gamekingn01,123456,
http://mp3.zing.vn,http://mp3.zing.vn/,xeonultimate2,10071996 ,
http://mp3.zing.vn,http://mp3.zing.vn/album/Nhac-Thu-Gian-Hay-Nhat-Chill-Hit-Various-Artists/ZWZC0AUD.html,ngqanhtu_2,123456,
http://mp3.zing.vn,http://mp3.zing.vn/bai-hat/Giac-Mo-Than-Tien-Beat-Miu-Le/ZWZEZUIC.html,gameking04,123456,
http://ongame.vn,http://ongame.vn/,gamekingn01,123456,
http://passport.game321.com,http://passport.game321.com/,ngqanhtu,vip2903,
http://phim.clip.vn,"http://phim.clip.vn/watch/The-Flash-2014-S01-Tap6,RVjs/26017",ngmthongpro,ngmthong,
http://platform.garena.vn,http://platform.garena.vn/login_ui/,Điền mật khẩu...,7Khongco,
http://play.typeracer.com,http://play.typeracer.com/,tunqa,123456,
http://play.zing.vn,http://play.zing.vn/play-game/xi-dzach-online.xidzach.html,gameking01,29031996,
http://player.arsenal.com,http://player.arsenal.com/schedule/live,ngqanhtu@hotmail.com.vn,69ba818e,
http://pms.wahsis.net,http://pms.wahsis.net/login.html,admin,adminaA@,
http://portal1.hcmus.edu.vn,http://portal1.hcmus.edu.vn/,1412624,BanPo2129,
http://portal2.hcmus.edu.vn,http://portal2.hcmus.edu.vn/,1412624,BanPo2129,
http://portal2.hcmus.edu.vn,http://portal2.hcmus.edu.vn/,1412641,anhvinha1,
http://portal2.hcmus.edu.vn,http://portal2.hcmus.edu.vn/Login.aspx,1412624,BanPo2129,
http://portal3.hcmus.edu.vn,http://portal3.hcmus.edu.vn/,1412624,BanPo2129,
http://portal4.hcmus.edu.vn,http://portal4.hcmus.edu.vn/,1412624,BanPo2129,
http://portal4.hcmus.edu.vn,http://portal4.hcmus.edu.vn/Login.aspx,1412624,BanPo2129,
http://post.vse.stg.rnt.vn,http://post.vse.stg.rnt.vn/dang-nhap;name=%C4%90%C4%83ng%20nh%E1%BA%ADp;alias=dang-nhap;hidden=true,administrator,123123,
http://pubvn.net,http://pubvn.net/diendan/register.php,ngqanhtu,7Khongco,
http://qld.chuyenluongthevinh.edu.vn,http://qld.chuyenluongthevinh.edu.vn/,2013096,05121998,
http://qld.chuyenluongthevinh.edu.vn,http://qld.chuyenluongthevinh.edu.vn/index.php,2013096,05121998,
http://redmine.ncs.int,http://redmine.ncs.int/login,tunqa,@nhTu2903,
http://redmine.rnt.vn,http://redmine.rnt.vn/account/register,tunqa,@nhTu2903,
http://security.garena.vn,http://security.garena.vn/edit/,ngqanhtu@outlook.com,7Khongco,
http://star.zing.vn,http://star.zing.vn/star/login/index.html,gameking01,29031996,
http://taiphimhd.com,http://taiphimhd.com/,ngqanhtu,TuyCvFfp,
http://taiphimhd.com,http://taiphimhd.com/lost-password/lost,ngqanhtu,TuyCvFfp,
http://team.wahsis.net,http://team.wahsis.net/secure/Dashboard.jspa,tu.nguyen,7Khongco,
http://thisinh.thithptquocgia.edu.vn,http://thisinh.thithptquocgia.edu.vn/,272624337,05121998,
http://thithudaihoc.ltvprojects.com,http://thithudaihoc.ltvprojects.com/Account/Login.aspx,I2E62D,20753,
http://tplinklogin.net,http://tplinklogin.net/,admin,admin,
http://tplinkwifi.net,http://tplinkwifi.net/,admin,admin,
http://tplinkwifi.net,http://tplinkwifi.net/,nqanhtu,7Khongco,
http://tv.zing.vn,http://tv.zing.vn/episode/100-Days-with-Mr-Arrogant-Hop-Dong-No-Le/IWZ96IIZ.html,gameking03,123456,
http://up.4share.vn,http://up.4share.vn/,s01643456397,twxna9,
http://up.4share.vn,http://up.4share.vn/,s01694949049,01694949049,
http://up.4share.vn,http://up.4share.vn/index/login,s01643456397,twxna9,
http://up.4share.vn,http://up.4share.vn/index/login,s01694949049,01694949049,
http://vegaviet.com,http://vegaviet.com/login/login,ngqanhtu@hotmail.com.vn,Waterfox,
http://viettelstudy.vn,http://viettelstudy.vn/,01643456397,377791,
http://viettelstudy.vn,http://viettelstudy.vn/bai-hoc-chuyen-dong-cua-electron-quang-dien-trong-dien-truong-va-tu-truong_30-126-606.html,01643456397,377791,
http://viettelstudy.vn,http://viettelstudy.vn/baithi.aspx,01643456397,377791,
http://viettelstudy.vn,http://viettelstudy.vn/thi-thu-dai-hoc-nam-2014-mon-hoa-hoc-all.html,01643456397,377791,
http://viettelstudy.vn,http://viettelstudy.vn/ttnq-2013-de-thi-thu-dai-hoc-thang-6-2014-dot-4mon-vat-ly_12729-25.html,01643456397,377791,
http://windowsvn.net,http://windowsvn.net/threads/29186/,ngqanhtu@outlook.com,7Khongco,
http://www.4share.vn,http://www.4share.vn/default/index/login,s01694949049,01694949049,
http://www.askdeer.com,http://www.askdeer.com/login/index.html,0334290396,@nhTu0405,
http://www.hdvietnam.com,http://www.hdvietnam.com/diendan/register.php,ngqanhtu,vip2903,
http://www.kplus.vn,http://www.kplus.vn/mykplus/vi-vn/account/login,hongmy2101@gmail.com,QuyenTuyen,
http://www.moon.vn,http://www.moon.vn/ThanhVien1/Login1.aspx,ngqanhtu,vip2903,
http://www.moon.vn,http://www.moon.vn/ThanhVien1/login1.aspx,ngqanhtu,vip2903,
http://www.nhaccuatui.com,http://www.nhaccuatui.com/,ngqanhtu,7Khongco,
http://www.nhaccuatui.com,http://www.nhaccuatui.com/,nqatu01,123456,
http://www.nhaccuatui.com,http://www.nhaccuatui.com/,nqatu02,123456,
http://www.nhaccuatui.com,http://www.nhaccuatui.com/bai-hat/hay-la-minh-chia-tay-bao-anh.Q1D6ODJGhVoG.html,ngqanhtu,7Khongco,
http://www.ratatype.com,http://www.ratatype.com/signup/,ngqanhtu@hotmail.com.vn,tuyenbobo,
http://www.speedtest.net,http://www.speedtest.net/user-register.php,ngqanhtu@gmail.com,Waterfox,
http://www.studyphim.vn,http://www.studyphim.vn/,ngqanhtu@gmail.com,7Khongco,
http://www.tienganh123.com,http://www.tienganh123.com/clogin,bebe23,Thong1998,
http://www.tuoitre.vn,http://www.tuoitre.vn/,3dthvx9x,hnck8n75,
http://www.vn-zoom.com,http://www.vn-zoom.com/,nganhtu,Vip2903,
http://www.vn-zoom.com,http://www.vn-zoom.com/,ngqanhtu,vip2903,
http://www.vn-zoom.com,http://www.vn-zoom.com/f181/download-microsoft-office-2013-pro-plus-x86x64-volume-license-vl-1-link-direct-crack-active-2417271.html,ngqanhtu,vip2903,
i341xp-5173.csb.app,https://i341xp-5173.csb.app/login,sslksjdf@sms.com,12341234,
id.appota.com,https://id.appota.com/oauth/login,ngqanhtu,television,
id.atlassian.com,https://id.atlassian.com/,ngqanhtu@gmail.com,7Khongco,
id.atlassian.com,https://id.atlassian.com/signup/welcome,Nguyen Quoc Anh Tu,@nhTu2903,
id.captureone.com,https://id.captureone.com/captureoneprod.onmicrosoft.com/b2c_1a_web_v1_signup_signin/oauth2/v2.0/authorize,nqanhtu@outlook.com,7Khongco,
id.docker.com,https://id.docker.com/login/,nqatu,rzX966AkeNbhyCR,
id.foody.vn,https://id.foody.vn/account/login,nqatu,7Khongco,
id.hdonline.vn,https://id.hdonline.vn/kiem-tra-tai-khoan.html,ngmthong,ngmthong,
id.heroku.com,https://id.heroku.com/,ngqanhtu@gmail.com,7Khongco,
id.heroku.com,https://id.heroku.com/login,ngqanhtu@gmail.com,7Khongco,
id.logi.com,https://id.logi.com/,nqanhtu@outlook.com,@nhTu040501,
id.oup.com,https://id.oup.com/login,nqanhtu@outlook.com,@nhTu0405,
id.pinterest.com,https://id.pinterest.com/pin/360147301454480875/,nqanhtu@outlook.com,@nhTu0405,
id.viettelpost.vn,https://id.viettelpost.vn/Account/Login,0334290396,@nhTu0405,
identity.accessacloud.com,https://identity.accessacloud.com/auth/password,tu.nguyenquocanh@gforces.auto,@nhtu290396,
identity.flickr.com,https://identity.flickr.com/,ngqanhtu@yahoo.com.vn,Mot+Mot=2,
identity.flickr.com,https://identity.flickr.com/login,ngqanhtu@yahoo.com.vn,Mot+Mot=2,
identity.sling.com,https://identity.sling.com/saml/module.php/authSynacor/login.php,nqanhtu@outlook.com,7Khongco,
idmsa.apple.com,https://idmsa.apple.com/IDMSWebAuth/authenticate,tu.nguyen@wahsis.com,7Khongco,
idmsa.apple.com,https://idmsa.apple.com/appleauth/auth/authorize/signin,ngqanhtu@gmail.com,7Khongco,
idmsa.apple.com,https://idmsa.apple.com/appleauth/auth/authorize/signin,nqanhtu@icloud.com,7Khongco,
ieltsplanet.info,https://ieltsplanet.info/register/,tunqa,7Khongco,
inbody.inbody2014.com,android://ZeH-EelwFJt16NHAtj9uCGi3xb0EGnm_cz9FyZmHCfpDPD-F8jMa4Q_kBQ_GEe-z-AagKpMJK-jlQr8opuaeew==@com.inbody2014.inbody/,ngqanhtu@gmail.com,7Khongco,
innisfreevn.click,https://innisfreevn.click/wp-login.php,admin,5OqR6@Mki%,
intranet.gforces.co.uk,https://intranet.gforces.co.uk/pwm/private/login,tu.nguyenquocanh,HongMy2101,
ishcmus.slack.com,https://ishcmus.slack.com/,ngqanhtu@outlook.com,7Khongco,
javascript.info,https://javascript.info/operators,ngqanhtu@gmail.com,7Khongco,
jenkins.wahsis.net,https://jenkins.wahsis.net/jenkins/login,tu.nguyen,123456@,
jira.glorucode.com,https://jira.glorucode.com/login.jsp,tunguyen,7Khongco,
jira.netdirector.co.uk,https://jira.netdirector.co.uk/login.jsp,tu.nguyenquocanh@gforces.auto,8Khongco,
js3sv1-5173.csb.app,https://js3sv1-5173.csb.app/login,sss@sss.ccc,sss,
katana.facebook.com,android://zQxb6hXv1MJiC1Yyotdhi8HP-y7fwPcOLwPOWTwWKpP2VXcbsuIiI4iJ1KV0Dz3LzVsUuKJmYCBIUAxnsPB9FA==@com.facebook.katana/,ngqanhtu@gmail.com,Mot+Mot=Hai,
katana.facebook.com,android://zQxb6hXv1MJiC1Yyotdhi8HP-y7fwPcOLwPOWTwWKpP2VXcbsuIiI4iJ1KV0Dz3LzVsUuKJmYCBIUAxnsPB9FA==@com.facebook.katana/,ngqanhtu@outlook.com,7Khongco,
kbdfans.com,https://kbdfans.com/account/login,nqanhtu@outlook.com,7Khongco,
kia-sweden-demo.auto.gforcestestlink.co.uk,https://kia-sweden-demo.auto.gforcestestlink.co.uk/backend/auth/,tu.nguyenquocanh@gforces.co.uk,HongMy2101,
leetcode.com,https://leetcode.com/accounts/login/,nqanhtu,@nhTu0405,
linksvip.net,https://linksvip.net/get-link.html,ngqanhtu@gmail.com,7Khongco,
lite.pushup.android.runtastic.com,android://OueXWS69sQ0dVEPQblyWg7gLBlVGVfNPoJFzuwZEo70w6tjNXJ2sipKX5md-RHGFvJ8hJYfKegMKw54YJCl0vw==@com.runtastic.android.pushup.lite/,ngqanhtu@gmail.com,7Khongco,
lite.results.android.runtastic.com,android://OueXWS69sQ0dVEPQblyWg7gLBlVGVfNPoJFzuwZEo70w6tjNXJ2sipKX5md-RHGFvJ8hJYfKegMKw54YJCl0vw==@com.runtastic.android.results.lite/,ngqanhtu@gmail.com,7Khongco,
live.wahsis.net,https://live.wahsis.net/login.html,admin,adminaA@,
login-sg.larksuite.com,https://login-sg.larksuite.com/accounts/page/login,hoangtho.work@gmail.com,Tho22112001,
login.aliexpress.com,https://login.aliexpress.com/,nqanhtu@outlook.com,7Khongco,
login.decathlon.net,https://login.decathlon.net/,nqanhtu@outlook.com,7Khongco,
login.live.com,https://login.live.com/,ngqanhtu.1,7Khongco,
login.live.com,https://login.live.com/,ngqanhtu@outlook.com,7Khongco,
login.live.com,https://login.live.com/,nqanhtu@outlook.com,7Khongco,
login.live.com,https://login.live.com/,quocbieu2809@outlook.com,QuyenTuyen,
login.live.com,https://login.live.com/login.srf,ngqanhtu@hotmail.com.vn,waterfox,
login.live.com,https://login.live.com/login.srf,ngqanhtu@outlook.com,7Khongco,
login.live.com,https://login.live.com/login.srf,nqanhtu@outlook.com,7Khongco,
login.microsoftonline.com,https://login.microsoftonline.com/,1412624@student.hcmus.edu.vn,7Khongco,
login.microsoftonline.com,https://login.microsoftonline.com/common/oauth2/authorize,dung.2173201081676@vanlanguni.vn,VLU04052001,
login.microsoftonline.com,https://login.microsoftonline.com/common/oauth2/authorize,tu.nguyenquocanh@gforces.co.uk,HongMy2101,
login.microsoftonline.com,https://login.microsoftonline.com/common/oauth2/v2.0/authorize,nqanhtu@outlook.com,HongMy2101,
login.microsoftonline.com,https://login.microsoftonline.com/common/reprocess,dung.2173201081676@vanlanguni.vn,7Khongco,
login.msjc.edu,https://login.msjc.edu/_layouts/PG/login.aspx,nnguyen702,Knock2knock,
login.oracle.com,https://login.oracle.com/,ngqanhtu@gmail.com,7Khongco,
login.teamviewer.com,https://login.teamviewer.com/LogOn,ngqanhtu@gmail.com,7Khongco,
login.yahoo.com,https://login.yahoo.com/,ngqanhtu,7Khongco,
lottecinemavn.com,https://lottecinemavn.com/vi-vn/su-kien/notice/l-selection.aspx,ngqanhtu,7Khongco,
m.ask.fm,https://m.ask.fm/,ngqanhtu,7Khongco,
m.cnbuy.app,https://m.cnbuy.app/pages/login/login,0334290396,@nhTu0405,
m.facebook.com,https://m.facebook.com/,ngqanhtu,8Khongco,
m.facebook.com,https://m.facebook.com/,nqanhtu@outlook.com,@nhTu0405,
machina.mx,https://machina.mx/account/login,nqanhtu@outlook.com,@nhTu0405,
maihienvstep.edubit.vn,https://maihienvstep.edubit.vn/signin,mydung452001@gmail.com,123456,
mail.nichietsuvn.com,https://mail.nichietsuvn.com/,tunqa,@nhTu2903,
mbasic.facebook.com,https://mbasic.facebook.com/,ngqanhtu,BanPo2129,
mblog.dev,https://mblog.dev/,admin,123456,
me.knudge.com,android://hthe6i6icKjYedzNh3GCEJ08gicbLYSWDRTbXeWo9qDaD03FvuxCJJ3WoUZzs0JVywF6rlboTZzcht535bM0Yw==@com.knudge.me/,ngqanhtu@gmail.com,7Khongco,
mediaclient.netflix.com,android://Jzj5T2E45Hb33D-lk-EHZVCrb7a064dEicTwrTYQYGXO99JqE2YERhbMP1qLogwJiy87OsBzC09Gk094Z-U_hg==@com.netflix.mediaclient/,ngqanhtu@outlook.com,7Khongco,
member-m.lazada.vn,https://member-m.lazada.vn/user/login,nqanhtu@outlook.com,7Khongco,
member.lazada.vn,https://member.lazada.vn/user/login,nqanhtu@outlook.com,7Khongco,
memrisecompanion.android.memrise.com,android://itcpyKB7DI2ejO3DBp2npKCVmjViDzP-pdFYYMf1OJGTBA8XZKimTUNk8W7hBpUrC8kusUPFRRY3ygwpMPxPFw==@com.memrise.android.memrisecompanion/,ngqanhtu@outlook.com,7Khongco,
minesweeper.online,https://minesweeper.online/,nqanhtu,FZw7LbFhfGqYsrH,
minesweeper.online,https://minesweeper.online/ngm/my-games,nqanhtu,FZw7LbFhfGqYsrH,
mobile.facebook.com,https://mobile.facebook.com/,ngqanhtu,8Khongco,
mokbstore.com,https://mokbstore.com/account/login,nqanhtu@outlook.com,@nhTu0405,
monkeytype.com,https://monkeytype.com/login,nqanhtu@outlook.com,7Khongco,
moon.vn,https://moon.vn/ThanhVien1/login1.aspx,ngqanhtu,vip2903,
morioh.com,https://morioh.com/login,ngqanhtu@gmail.com,@nhTu2903,
my.1password.com,https://my.1password.com/sign-up/master-password,,fSwm/PvCG%%Y4Qr,
my.account.sony.com,https://my.account.sony.com/central/signin/,nqanhtu@outlook.com,@nhTu2903,
my.avira.com,https://my.avira.com/,ngqanhtu@outlook.com,7Khongco,
my.timo.vn,https://my.timo.vn/,nguyenqatu,8Khongco,
my1.konami.net,https://my1.konami.net/en_US/signup/input,nqanhtu@outlook.com,AnhTu290396,
myelt.heinle.com,https://myelt.heinle.com/ilrn/authentication/accessCodesSubmitMyELTInterceptor.do,nqanhtu,7Khongco,
mysony.sony.com.vn,https://mysony.sony.com.vn/Home/Login,ngqanhtu@gmail.com,B@nPo2129,
netdirector.co.uk,https://netdirector.co.uk/,tu.nguyenquocanh@gforces.co.uk,HongMy2101,
new.swc.capital,https://new.swc.capital/auth/login,nqanhtu@outlook.com,@nhTu2903,
nhattao.com,https://nhattao.com/,ngqanhtu@gmail.com,7Khongco,
nielseniq.telebot.vn,https://nielseniq.telebot.vn/user,fi_test,Nielsen123,
nielseniq.telebot.vn,https://nielseniq.telebot.vn/user,hcm5,Nielsen123,
nielseniq.telebot.vn,https://nielseniq.telebot.vn/user/checkauthen,hcm6,Nielsen123,
oauth.moneylover.me,https://oauth.moneylover.me/auth,ngqanhtu@outlook.com,7Khongco,
ongame.vn,https://ongame.vn/,gamekingn01,123456,
online.vlu.edu.vn,https://online.vlu.edu.vn/Login,2173201081676,0348591116md,
online.werewolfapps.com,android://0ZX9QfdcUsEuqyyeKe3v2CKzj8ngGiMvASjxw3ClQ6Ei82Mse9MIjZghs4_rztbdzPge_fOpXBq4oj_1r4D_lg==@com.werewolfapps.online/,ngqanhtu@gmail.com,7Khongco,
orca.facebook.com,android://zQxb6hXv1MJiC1Yyotdhi8HP-y7fwPcOLwPOWTwWKpP2VXcbsuIiI4iJ1KV0Dz3LzVsUuKJmYCBIUAxnsPB9FA==@com.facebook.orca/,ngqanhtu@gmail.com,Mot+Mot=Hai,
ownership-demo.auto.gforcestestlink.co.uk,https://ownership-demo.auto.gforcestestlink.co.uk/ownership-staging/,user@gforces.co.uk,Testing123,
pages.lazada.vn,https://pages.lazada.vn/wow/gcp/vn/member/login-signup,nqanhtu@outlook.com,7Khongco,
passport.yandex.com,https://passport.yandex.com/auth/welcome,tunqa@rnt.vn,@nhTu2903,
passport.yandex.ru,https://passport.yandex.ru/auth/welcome,tunqa,9zhtu^E5,
passport.yandex.ru,https://passport.yandex.ru/auth/welcome,tunqa@rnt.vn,@nhTu2903,
pay.viettel.vn,https://pay.viettel.vn/Register.do,0343456397,Mot+Mot=2,
pay.zing.vn,https://pay.zing.vn/product/vlcm,hoanghaohiepp,lovetobeloved,
piay.iflix.com,https://piay.iflix.com/signup/,ngqanhtu@gmail.com,7Khongco,
piazza.com,https://piazza.com/,1412624@student.hcmus.edu.vn,7Khongco,
pinterest.com,android://kCyQDzpaoAX2gs-1zdGPKNAeICb8LzRFOxa4NCq0jO8c8d_NFS_q-Y35bU3Nq3GmFV2lLurmNvIZa6YPYZwmWg==@com.pinterest/,ngqanhtu@gmail.com,,
play.typeracer.com,https://play.typeracer.com/,tunqa,123456,
portal.azure.com,https://portal.azure.com/,bop,Qwerty123,
portal.macincloud.com,https://portal.macincloud.com/,ngqanhtu@outlook.com,Mot+Mot=2,
portal1.hcmus.edu.vn,https://portal1.hcmus.edu.vn/,1412624,BanPo2129,
portal1.hcmus.edu.vn,https://portal1.hcmus.edu.vn/Login.aspx,1412624,BanPo2129,
portal2.hcmus.edu.vn,https://portal2.hcmus.edu.vn/Login.aspx,1412624,BanPo2129,
portal3.hcmus.edu.vn,https://portal3.hcmus.edu.vn/,1412624,BanPo2129,
portal3.hcmus.edu.vn,https://portal3.hcmus.edu.vn/Login.aspx,1412624,BanPo2129,
portal4.hcmus.edu.vn,https://portal4.hcmus.edu.vn/Login.aspx,1412624,BanPo2129,
portal5.hcmus.edu.vn,https://portal5.hcmus.edu.vn/Login.aspx,1412624,BanPo2129,
portal6.hcmus.edu.vn,https://portal6.hcmus.edu.vn/Login.aspx,1412624,BanPo2129,
portal7.hcmus.edu.vn,https://portal7.hcmus.edu.vn/Login.aspx,1412624,BanPo2129,
public-api.wordpress.com,https://public-api.wordpress.com/oauth2/authorize,ngqanhtu,7Khongco,
pugo.vn,https://pugo.vn/dang-nhap,nqanhtu@outlook.com,@nhTu0405,
qm3r50-5173.csb.app,https://qm3r50-5173.csb.app/login,sss@sss.ccc,sss,
quizizz.com,https://quizizz.com/signup/other/1,Tius,@nhTu0405,
quizlet.com,https://quizlet.com/,nqatu,7Khongco,
recyclix.com,https://recyclix.com/signup/,,MEOgnifEjMy0,
retail.sc.com,https://retail.sc.com/vn/ibank/foa/login.htm,001400357,391214,
retail.sc.com,https://retail.sc.com/vn/ibank/foa/login.htm,nqanhtu,@nhTu2903,
samsung.cam.vsco.com,android://xr18eGZKFwbDXlizijfEBn_tgUMb1squiLuUGrjxZAtxLpFySnc4n9JXGv1PzOMqyMpLWx0LhMOJcbzLfO07qA==@com.vsco.cam.samsung/,ngqanhtu@outlook.com,12345678,
scener.com,https://scener.com/,nqanhtu@outlook.com,7Khongco,
secure-store.nike.com,https://secure-store.nike.com/us/checkout/html/cart.jsp,ngqanhtu@gmail.com,7Khongco,
secure1.store.apple.com,https://secure1.store.apple.com/shop/sign_in,ngqanhtu@gmail.com,7Khongco,
secure2.store.apple.com,https://secure2.store.apple.com/shop/sign_in,ngqanhtu@gmail.com,7Khongco,
shopee.vn,https://shopee.vn/,tunqa1,7Khongco,
shopee.vn,https://shopee.vn/B%C3%A0n-Ph%C3%ADm-Game-kh%C3%B4ng-d%C3%A2y-Logitech-G613-i.52679373.946603695,tunqa,7Khongco,
shopee.vn,https://shopee.vn/T%E1%BA%A5t-v%E1%BB%9B-n%E1%BB%AF-h%C3%ACnh-th%C3%BA-ch%E1%BA%A5t-%C4%91%E1%BA%B9p-i.6296261.1272309262,tunqa,7Khongco,
shopee.vn,https://shopee.vn/buyer/login,0343456397,@nhTu0405,
shopee.vn,https://shopee.vn/seller/login,MAYINAYIN:LIVEHCM,Fani@123,
shopee.vn,https://shopee.vn/seller/login,MAYINAYIN:LIVESTREAM22,Fani@123,
shopeefood.vn,https://shopeefood.vn/account/login,nqanhtu@outlook.com,7Khongco,
signin.aws.amazon.com,https://signin.aws.amazon.com/signin,ngqanhtu@outlook.com,7Khongco,
signin.aws.amazon.com,https://signin.aws.amazon.com/signin,nnguyen702@outlook.com,Knock2knock,
signin.aws.amazon.com,https://signin.aws.amazon.com/signin,nqanhtu@icloud.com,7Khongco,
signin.aws.amazon.com,https://signin.aws.amazon.com/signin,nqanhtu@outlook.com,@nhTu2903,
signin.aws.amazon.com,https://signin.aws.amazon.com/signin,tu.nguyenquocanh,@nhTu2903,
signin.ebay.com,https://signin.ebay.com/ws/eBayISAPI.dll,ngqanhtu@gmail.com,7Khongco,
signin.ebay.com.au,https://signin.ebay.com.au/ws/eBayISAPI.dll,ngqanhtu@gmail.com,7Khongco,
smartcash.vpbank.com.vn,https://smartcash.vpbank.com.vn/,1643456397,2112,
smartcash.vpbank.com.vn,https://smartcash.vpbank.com.vn/pages/b2c/index.do,1643456397,2112,
soigear.vn,https://soigear.vn/account/login,nqanhtu@outlook.com,@nhTu2903,
sonyshow.sony.com.vn,https://sonyshow.sony.com.vn/bravia,ngqanhtu@gmail.com,7Khongco,
soundcloud.com,https://soundcloud.com/toilavu/tracks,ngqanhtu@gmail.com,7Khongco,
speechanalyzer.elsaspeak.com,https://speechanalyzer.elsaspeak.com/sign-in,anhtuelsa@mailinator.com,@nhTu0405,
sportladder.dev,https://sportladder.dev/,admin,123456,
spx.business.accounts.shopee.vn,https://spx.business.accounts.shopee.vn/authenticate/login,tunqa,7Khongco,
ssl.bbc.co.uk,https://ssl.bbc.co.uk/id/signin,ngqanhtu@outlook.com,7Khongco,
sso.garena.com,https://sso.garena.com/ui/login,ngqanhtu,7Khongco,
sso.garena.com,https://sso.garena.com/ui/register,nqanhtu,@nhTu2903,
sso.lg.com,https://sso.lg.com/oauth/page/login,nqanhtu@outlook.com,sitriv-fyvSo8-vuswut,
start.openproject.com,https://start.openproject.com/accounts/new,ngqanhtu@gmail.com,fiBCTCRAQ4Urq7K,
stockx.stockx.com,android://COTAH5qbS6EI9dh3pGcEBbn1j2UzqJI-IBbul0DqblgzyCFYro-432XVBmvFe1ceXBGEoHQwnBHj5BA-I1XK2g==@com.stockx.stockx/,ngqanhtu@gmail.com,,
store.docker.com,https://store.docker.com/signup,nqatu,rzX966AkeNbhyCR,
studio.picsart.com,android://s-ufz0kKUpUSqHkCxu9V1mu5AuF8d3Jp-4ss0CYxfjeJK9U0RDh83d-w9F5i443h--q36tB1epb6OD53dxMZjA==@com.picsart.studio/,ngqanhtu@gmail.com,7Khongco,
taiphimhd.com,https://taiphimhd.com/,ngqanhtu,TuyCvFfp,
taiphimhd.com,https://taiphimhd.com/lost-password/lost,ngqanhtu,TuyCvFfp,
talentcentral.au.shl.com,https://talentcentral.au.shl.com/player/workflow/start,nqanhtu@outlook.com,@nhTu0405,
talentcentral.eu.shl.com,https://talentcentral.eu.shl.com/player/workflow/start,nqanhtu@outlook.com,@nhTu0405,
team.wahsis.net,https://team.wahsis.net/secure/Dashboard.jspa,tu.nguyen,7Khongco,
thekeebs.store,https://thekeebs.store/account/register,nqanhtu@outlook.com,@nhTu2903,
thepizzacompany.vn,https://thepizzacompany.vn/register,0343456397,@2S2c4wXN5jEaJL,
tiki.vn,https://tiki.vn/,anhtudovo@gmail.com,anhtu@123,
tiki.vn,https://tiki.vn/,ngqanhtu@gmail.com,Waterfox,
tiki.vn,https://tiki.vn/,nqanhtu@outlook.com,@nhTu0405,
tiki.vn,https://tiki.vn/,wahsistiki@gmail.com,ThuyHuyTu,
tiki.vn,"https://tiki.vn/customer/account/login/referer/aHR0cDovL3Rpa2kudm4vYnV0LWJpLXN0YWJpbG8tZXhhbS1ncmFkZS1icDU4OC1wNTQ2MjMuaHRtbD9yZWY9YzE4NTguYzE4NjkuYzIyMjEuJnNyYz1zYW1lYnJhbmQ,/",ngqanhtu@gmail.com,Waterfox,
tiki.vn,https://tiki.vn/laptop-hp-pavilion-15-cs2034tu-6yz06pa-core-i5-8265u-win10-15-6-fhd-hang-chinh-hang-p19671414.html,ngqanhtu@gmail.com,7khongco,
tinycards.duolingo.com,https://tinycards.duolingo.com/,ngqanhtu@gmail.com,7Khongco,
trello.com,android://yTbbVli2kp2NRFxk_MQWPqrNxomp-OK_hUSXqYCKsZ8yq6rhqj6DXtj5l1tBvyMWM__Q1Njmy2YSMnW5C7PFJg==@com.trello/,ngqanhtu@outlook.com,7Khongco,
trello.com,https://trello.com/,ngqanhtu@outlook.com,7Khongco,
trello.com,https://trello.com/login,ngqanhtu@outlook.com,7Khongco,
trungtamhoangu.vn,https://trungtamhoangu.vn/wp-login.php,tthn-ruser-2021,P2ssword1!,
trustcard.vn,https://trustcard.vn/xac-thuc-tai-khoan/63d56a6aa032f160c29b25dc82588bb1,ngqanhtu@gmail.com,7Khongco,
twitter.com,https://twitter.com/,ngqanhtu@gmail.com,7Khongco,
twitter.com,https://twitter.com/i/flow/signup,NguynQucAnhT1,@nhTu2903,
twitter.com,https://twitter.com/login/error,0343456397,7Khongco,
twitter.com,https://twitter.com/login/error,nqanhtu,@nhTu2903,
twoseven.xyz,https://twoseven.xyz/,nqanhtu@outlook.com,7Khongco,
ucoincash.co,https://ucoincash.co/Account/Signin,coinname1,number1,
ucoincash.co,https://ucoincash.co/Account/Signin,ucoincash000x,number1,
ucoincash.co,https://ucoincash.co/Account/Signin,univer001,unico12345#,
ucoincash.co,https://ucoincash.co/Account/Signin,univer010,vn123456,
unite.nike.com,https://unite.nike.com/s3/unite/updatePassword.html,ngqanhtu@gmail.com,@nhTu2903,
us-east-1.signin.aws.amazon.com,https://us-east-1.signin.aws.amazon.com/clm,tu.nguyenquocanh,@nhTu2903,
us.battle.net,https://us.battle.net/account/creation/tos.html,ngqanhtu@gmail.com,7Khongco,
users.wix.com,https://users.wix.com/signin,thong@mailinator.com,123456,
v4dev.jolipage.co,https://v4dev.jolipage.co/login,nqanhtu@outlook.com,7Khongco,
vegaid.vn,https://vegaid.vn/oauth/accounts/sso/login/,ngqanhtu,7Khongco,
vi-translator.online,https://vi-translator.online/login,nqanhtu@outlook.com,@nhTu0405,
vi-vn.facebook.com,https://vi-vn.facebook.com/,0326348764,anvatxudi77,
vi-vn.facebook.com,https://vi-vn.facebook.com/,ngqanhtu,8Khongco,
vi-vn.facebook.com,https://vi-vn.facebook.com/,ngqanhtu@gmail.com,Mot+Mot=Hai,
vi.duolingo.com,https://vi.duolingo.com/,ngqanhtu@gmail.com,7Khongco,
vi.duolingo.com,https://vi.duolingo.com/,nqanhtu@outlook.com,7Khongco,
videoapp.android.vimeo.com,android://xQ-f_Q6N1Cue78l0iWcwGx9ABS-ZUE1Xr5AqshzrlswyuYF_wzQiec71-XYokgp1kw00_QLAYHIfbMVBoFrxvw==@com.vimeo.android.videoapp/,ngqanhtu@gmail.com,7Khongco,
vieon.vn,https://vieon.vn/,0334290396,7Khongco,
vieon.vn,https://vieon.vn/,0707718504,123456,
vieshop.vn,https://vieshop.vn/account/login,nqanhtu@outlook.com,@nhTu2903,
vietpn.com,https://vietpn.com/account,ngqanhtuvpn,7Khongco,
vietteldiscovery.vttm.com,android://Kxwn-IbK2NFlngF_vXqMwATDMmsDAoxoBcayRh5H0kPSNyK9j4de7gpQfaCmdwZlEcp5HcJrG6TQFXnovJSnQw==@com.vttm.vietteldiscovery/,0343456397,7Khongco,
viettelidc.com.vn,https://viettelidc.com.vn/dang-ky,nqanhtu@outlook.com,@nhTu2903,
vn.000webhost.com,https://vn.000webhost.com/dang-ky-website-mien-phi,nqanhtu293@gmail.com,M5uJ@zJ4UDeC6CS,
vn.bodybuilding.com,https://vn.bodybuilding.com/store/account/login.jsp,ngqanhtu@gmail.com,7Khongco,
vn.elsaspeak.com,https://vn.elsaspeak.com/user/login,anhtuelsa@mailinator.com,@nhTu0405,
vn.elsaspeak.com,https://vn.elsaspeak.com/user/login/,nqanhtu@outlook.com,7Khongco,
vtpay.bplus.com,android://D4seqbrWJAQ6NK9oH81yB9c_FuZEdXwpPUbf8jg33wiEwLYGwlPi8vPORi6oRwNgTS4gK--Zoex3T7puYd8c2w==@com.bplus.vtpay/,0343-456-397,210172,
wallet.application.droid4you.com,android://7sVfUl4HhvqWR1fqH1B0Ew-rxAddjY1YzwnP7nurOOpD6lzlNUsm_Zhb84OMtxP-JoICdmClVPaRUMy2cqVdVQ==@com.droid4you.application.wallet/,ngqanhtu@outlook.com,7Khongco,
waze.com,android://wctWuKakwAKDfVz8mX57MZAbZVXmfVwlkN8yHs6TuGuEfxswKtHq5qxOWI0RPBi55t1j2td7DaRC_cF8R3qlUQ==@com.waze/,world_sj39b4ag,vvhgp8ws,
web.budgetbakers.com,https://web.budgetbakers.com/login,ngqanhtu@outlook.com,7Khongco,
webv3.123go.vn,https://webv3.123go.vn/login,nqanhtu@outlook.com,7Khongco,
withoomph.com,https://withoomph.com/gb/signup,ngqanhtu1@gmail.com,12345678,
wordpress.com,https://wordpress.com/,ngqanhtu,7Khongco,
wordpress.com,https://wordpress.com/log-in,ngqanhtu,7Khongco,
work-71713957.facebook.com,https://work-71713957.facebook.com/login/,1412624@student.hcmus.edu.vn,7Khongco,
workplace.facebook.com,https://workplace.facebook.com/login.php,tu.nguyen@wahsis.com,7Khongco,
www.acfc.com.vn,https://www.acfc.com.vn/customer/account/login/referer/aHR0cHM6Ly93d3cuYWNmYy5jb20udm4vYnJhbmQvbWFuZ28uaHRtbD9icmFuZF9pZD01/,nqanhtu@outlook.com,7Khongco,
www.adidas.com,https://www.adidas.com/,ngqanhtu@gmail.com,7Khongco,
www.adidas.com,https://www.adidas.com/us/myaccount-create-or-login,ngqanhtu@gmail.com,7Khongco,
www.adidas.com.vn,https://www.adidas.com.vn/vi/account-login,ngqanhtu@gmail.com,7Khongco,
www.aliexpress.com,https://www.aliexpress.com/item/1005006103819393.html,nqanhtu@outlook.com,7Khongco,
www.amazon.com,https://www.amazon.com/,ngqanhtu@hotmail.com.vn,abc123456,
www.amazon.com,https://www.amazon.com/,ngqanhtu@outlook.com,7Khongco,
www.amazon.com,https://www.amazon.com/ap/signin,Rubj712@gmail.com,Motnam08,
www.amazon.com,https://www.amazon.com/ap/signin,nqanhtu@outlook.com,@nhTu2903,
www.amazon.com,https://www.amazon.com/ap/signin,thanhtuyen0142@gmail.com,Tuyen014296,
www.bbc.com,https://www.bbc.com/,ngqanhtu@outlook.com,7Khongco,
www.bbc.com,https://www.bbc.com/signin,ngqanhtu@outlook.com,7Khongco,
www.bodybuilding.com,https://www.bodybuilding.com/store/sub/all-access.html,ngqanhtu@gmail.com,7Khongco,
www.booking.com,https://www.booking.com/,ngganhtu@gmail.com,7Khongco,
www.busuu.com,https://www.busuu.com/en/register,hongmy2101@gmail.com,QuyenTuyen,
www.cambly.com,https://www.cambly.com/signUpFlow,nqanhtu@outlook.com,7Khognco,
www.cambridgeone.org,https://www.cambridgeone.org/register-learner,nqanhtu@outlook.com,@nhTu0405,
www.captureone.com,https://www.captureone.com/en/account/account-details,nqanhtu@outlook.com,7Khongco,
www.cgv.vn,https://www.cgv.vn/,ngqanhtu@gmail.com,7Khongco,
www.cgv.vn,"https://www.cgv.vn/vn/customer/account/login/referer/aHR0cHM6Ly93d3cuY2d2LnZuL3ZuLz9fX19TSUQ9VQ,,/",ngqanhtu@gmail.com,7Khongco,
www.charleskeith.vn,https://www.charleskeith.vn/vn/create-account,nqanhtu@outlook.com,@nhTu0405,
www.codecademy.com,https://www.codecademy.com/,ngqanhtu,7Khongco,
www.codecademy.com,https://www.codecademy.com/login,Namnghi2607,namchannghi,
www.codecademy.com,https://www.codecademy.com/login,ngqanhtu@outlook.com,7Khongco,
www.codecademy.com,https://www.codecademy.com/login,nqanhtu,7Khongco,
www.codeschool.com,https://www.codeschool.com/,ngqanhtu@outlook.com,0Khongco,
www.codeschool.com,https://www.codeschool.com/users/sign_in,ngqanhtu@outlook.com,0Khongco,
www.coursera.org,https://www.coursera.org/,ngqanhtu@gmail.com,7Khongco,
www.coursera.org,https://www.coursera.org/about/,ngqanhtu@gmail.com,7Khongco,
www.coursera.org,https://www.coursera.org/browse/personal-development,nqanhtu@outlook.com,7Khongco,
www.coursera.org,https://www.coursera.org/learn/smarter-contracts/programming/v8Oq1/design-and-develop-a-smart-contract,maithanhtuyen0511@gmail.com,@@Tuyen123,
www.dropbox.com,https://www.dropbox.com/,ngqanhtu@outlook.com,8Khongco,
www.dropbox.com,https://www.dropbox.com/paper,ngqanhtu@outlook.com,8Khongco,
www.dropbox.com,https://www.dropbox.com/saver,ngqanhtu@outlook.com,8Khongco,
www.duolingo.com,https://www.duolingo.com/,ngqanhtu@gmail.com,7Khongco,
www.duolingo.com,https://www.duolingo.com/,nqanhtu@outlook.com,7Khongco,
www.ecowebhosting.co.uk,https://www.ecowebhosting.co.uk/cp/webdevcourse,ngqanhtu@outlook.com,7Khongco,
www.evernote.com,https://www.evernote.com/,ngqanhtu@gmail.com,Waterfox,
www.facebook.com,https://www.facebook.com/,01643456397,8Khongco,
www.facebook.com,https://www.facebook.com/,0326348764,anvatxudi77,
www.facebook.com,https://www.facebook.com/,0348591116,0326348764ntmydung,
www.facebook.com,https://www.facebook.com/,0366400131,toidathanhcong,
www.facebook.com,https://www.facebook.com/,0925446715,tHANHLOC362004,
www.facebook.com,https://www.facebook.com/,0981914734,Thien2303,
www.facebook.com,https://www.facebook.com/,ngqanhtu,8Khongco,
www.facebook.com,https://www.facebook.com/,ngqanhtu@gmail.com,Mot+Mot=Hai,
www.facebook.com,https://www.facebook.com/,ngqanhtu@outlook.com,7Khongco,
www.facebook.com,https://www.facebook.com/login/device-based/regular/login/,ngqanhtu@outlook.com,7Khongco,
www.facebook.com,https://www.facebook.com/login/device-based/regular/login/,nqanhtu@outlook.com,@nhTu0405,
www.figma.com,https://www.figma.com/login_iframe,nqanhtu@outlook.com,@nhTu0405,
www.fitbit.com,https://www.fitbit.com/,ngqanhtu@gmail.com,7Khongco,
www.fitbit.com,https://www.fitbit.com/login,ngqanhtu@gmail.com,7Khongco,
www.fotor.com,https://www.fotor.com/features/blur.html,ngqanhtu@gmail.co,7Khongco,
www.fotor.com,https://www.fotor.com/features/blur.html,ngqanhtu@gmail.com,7Khongco,
www.fshare.vn,https://www.fshare.vn/,mail@lehoangvu.com,lhvcomputer,
www.fshare.vn,https://www.fshare.vn/,ngqanhtu@gmail.com,7Khongco,
www.fshare.vn,https://www.fshare.vn/login,ngqanhtu@gmail.com,7Khongco,
www.gate.io,https://www.gate.io/vi/resetfpw,nqanhtu,@nhTu2903,
www.gate.io,https://www.gate.io/vi/trade/TRADE_USDT,190.24,@nhTu0405,
www.genymotion.com,https://www.genymotion.com/,ngqanhtu,7Khongco,
www.glassdoor.com,https://www.glassdoor.com/Interview/AXON-ACTIVE-Interview-Questions-E1063309.htm,nqanhtu@outlook.com,@nhtu0405,
www.gradescope.com,https://www.gradescope.com/login,nnguy358@ucr.edu,Knock2knock.,
www.grammarly.com,https://www.grammarly.com/signin,jdevapri@yahoo.co.uk,23sparks,
www.grandbux.net,https://www.grandbux.net/index.php,ngqanhtu,7Khongco,
www.grandbux.net,https://www.grandbux.net/index.php,ngqanhtu@gmail.com,7Khongco,
www.greatfrontend.com,https://www.greatfrontend.com/sign-up,nqanhtu@outlook.com,@nhTu0405,
www.hackerrank.com,https://www.hackerrank.com/auth/login,nqanhtu@outlook.com,@nhTu0405,
www.hackerrank.com,https://www.hackerrank.com/auth/signup,Nguyen Quoc Anh Tu,@nhTu0405,
www.hackerrank.com,https://www.hackerrank.com/auth/signup,ngqanhtu@gmail.com,7Khongco,
www.hdvietnam.xyz,https://www.hdvietnam.xyz/,ngqanhtu,vip2903,
www.hellochao.vn,https://www.hellochao.vn/,ngqanhtu@gmail.com,7Khongco,
www.hellochao.vn,https://www.hellochao.vn/hoc-tieng-anh-giao-tiep/,ngqanhtu@gmail.com,7Khongco,
www.icloud.com,https://www.icloud.com/,tienttt14501@st.uel.edu.vn,11Tiluongthevinh,
www.instagram.com,https://www.instagram.com/,ngqanhtu,waterfox,
www.instagram.com,https://www.instagram.com/,ngqanhtu1,7Khongco,
www.instagram.com,https://www.instagram.com/,nqanhtu@outlook.com,@nhTu0405,
www.instagram.com,https://www.instagram.com/accounts/login/,nguyenquocanhtu,waterfox,
www.instagram.com,https://www.instagram.com/nqanhtu/,nqanhtu,waterfox,
www.iq.com,https://www.iq.com/,ngqanhtu@gmail.com,0matkhau,
www.jolipage.co,https://www.jolipage.co/en/home,nqanhtu@outlook.com,7Khongco,
www.kickresume.com,https://www.kickresume.com/register/,ngqanhtu@gmail.com,7Khongco,
www.kplus.vn,https://www.kplus.vn/mykplus/vi-vn/account/login,hongmy2101@gmail.com,QuyenTuyen,
www.kudoboard.com,https://www.kudoboard.com/boards/46QEtQiJ/kudos/create,Nguyễn,tunguyen,
www.lazada.vn,https://www.lazada.vn/,nqanhtu@outlook.com,7Khongco,
www.lazada.vn,https://www.lazada.vn/checkout/step/index/,ngqanhtu@hotmail.com.vn,novUlecFeen3,
www.lazada.vn,https://www.lazada.vn/customer/account/create/,Nguyễn Quốc Anh Tú,novUlecFeen3,
www.lg.com,https://www.lg.com/vn/my-lg/accountcombine,nqanhtu@outlook.com,@nhTu2903,
www.linkedin.com,https://www.linkedin.com/,ngqanhtu@outlook.com,7Khongco,
www.linkedin.com,https://www.linkedin.com/signup/cold-join,nqanhtu@outlook.com,&4@vgz#_DU*Zcq;,
www.littlekeyboards.com,https://www.littlekeyboards.com/account/login,nnsang24@gmail.com,B4kxAqhcX6r5Cwr,
www.logocrisp.com,https://www.logocrisp.com/logomaker/register-login.html,ngqanhtu1@gmail.com,7Khongco,
www.lucidchart.com,https://www.lucidchart.com/users/login,1412624@student.hcmus.edu.vn,7Khongco,
www.memrise.com,https://www.memrise.com/,ngqanhtu,7Khongco,
www.messenger.com,https://www.messenger.com/,ngqanhtu@gmail.com,Mot+Mot=Hai,
www.messenger.com,https://www.messenger.com/,nqanhtu@outlook.com,@nhTu0405,
www.messenger.com,https://www.messenger.com/login/password/,ngqanhtu@gmail.com,Mot+Mot=Hai,
www.miniclip.com,https://www.miniclip.com/,ngqanhtu@gmail.com,7Khongco,
www.myunidays.com,https://www.myunidays.com/US/en-US/account/register,ngqanhtu1@gmail.com,7Khongco,
www.myunidays.com,https://www.myunidays.com/VN/vi-VN/account/log-in,1412624@student.hcmus.edu.vn,@nhTu0405,
www.myunidays.com,https://www.myunidays.com/VN/vi-VN/account/log-in,nqanhtu@outlook.com,@nhTu0405,
www.netdirector.co.uk,https://www.netdirector.co.uk/,tu.nguyenquocanh@gforces.co.uk,HongMy2101,
www.netflix.com,https://www.netflix.com/,ngqanhtu@gmail.com,7Khongco,
www.netflix.com,https://www.netflix.com/signup/regform,nqanhtu@outlook.com,7Khongco,
www.netflix.com,https://www.netflix.com/tr-en/login,nqanhtu293@gmail.com,hahaha,
www.netflix.com,https://www.netflix.com/vn-en/login,haihanguyenvu@gmail.com,Ha050396,
www.netflix.com,https://www.netflix.com/vn-en/login,hanetflixchill@gmail.com,Ha050396,
www.netflix.com,https://www.netflix.com/vn-en/login,nqanhtu293@gmail.com,hahahaha,
www.netflix.com,https://www.netflix.com/vn-en/login,rubj712@gmail.com,Chin4sau2.,
www.nhattao.com,https://www.nhattao.com/,laisolo,123456789,
www.nhattao.com,https://www.nhattao.com/forums/dien-thoai-android.544/create-thread,laisolo,123456789,
www.nike.com,https://www.nike.com/us/en_us/s/register,ngqanhtu@gmail.com,7Khongco,
www.nike.com,https://www.nike.com/vn/w/mens-jordan-shoes-37eefznik1zy7ok,nqanhtu@outlook.com,7Khongco,
www.nimo.tv,https://www.nimo.tv/,343456397,7Khongco,
www.nitrotype.com,https://www.nitrotype.com/login,nqatu,7Khongco,
www.nitrotype.com,https://www.nitrotype.com/signup,nqatu,7Khongco,
www.notion.so,https://www.notion.so/login,nqanhtu@outlook.com,@nhTu2903,
www.now.vn,https://www.now.vn/account/login,nqatu,7Khongco,
www.npmjs.com,https://www.npmjs.com/signup,tunguyen.wahsis,wahsis.tunguyen,
www.oxfordlearnersbookshelf.com,https://www.oxfordlearnersbookshelf.com/,ngqanhtu@gmail.com,7Khongco,
www.oxfordlearnersdictionaries.com,https://www.oxfordlearnersdictionaries.com/,ngqanhtu@gmail.com,7Khongco,
www.oxfordlearnersdictionaries.com,https://www.oxfordlearnersdictionaries.com/account/login,ngqanhtu@gmail.com,7Khongco,
www.parse.com,https://www.parse.com/apps/choose_password,,7Khongco,
www.paypal.com,https://www.paypal.com/,ngqanhtu@outlook.com,7Khongco,
www.paypal.com,https://www.paypal.com/,thanhtuyen0142@gmail.com, ,
www.paypal.com,https://www.paypal.com/vn/cgi-bin/webscr,,7Khongco,
www.pinterest.com,https://www.pinterest.com/,nqanhtu@outlook.com,@nhTu0405,
www.pizzahut.vn,https://www.pizzahut.vn/register/,ngqanhtu@gmail.com,7Khongco,
www.plex.tv,https://www.plex.tv/sign-in/,ngqanhtu,7Khongco,
www.qwertykeys.com,https://www.qwertykeys.com/account/login,nqanhtu@outlook.com,@nhTu0405,
www.ratatype.com,https://www.ratatype.com/login/,ngqanhtu@gmail.com,Waterfox,
www.ratatype.com,https://www.ratatype.com/signup/,ngqanhtu@hotmail.com.vn,tuyenbobo,
www.reddit.com,https://www.reddit.com/,anhtunew,7Khongco,
www.reddit.com,https://www.reddit.com/,ngqanhtu1,7Khongco,
www.reddit.com,https://www.reddit.com/,ngqanhtu@outlook.com,7Khongco,
www.reddit.com,https://www.reddit.com/login/,nqanhtu,jinbaz-Ritgyx-bukcy3,
www.reddit.com,https://www.reddit.com/r/kpopfap/,anhtunew,7Khongco,
www.relume.io,https://www.relume.io/app/signup,Tu ,@nhTu0405,
www.remitly.com,https://www.remitly.com/us/en/users/register,nqanhtu@outlook.com,@nhTu2903,
www.sling.com,https://www.sling.com/cart-account,nqanhtu@outlook.com,7Khongco,
www.speedtest.net,https://www.speedtest.net/user-register.php,ngqanhtu@gmail.com,Waterfox,
www.splitwise.com,https://www.splitwise.com/user_session,ngqanhtu@gmail.com,7Khongco,
www.spotify.com,https://www.spotify.com/us/password-reset/change/,,7Khongco,
www.spotify.com,https://www.spotify.com/vn-vi/signup/,ngqanhtu@outlook.com,7Khognco,
www.spotify.com,https://www.spotify.com/vn-vi/signup/,nqanhtu293@gmail.com,7Khongco,
www.spotify.com,https://www.spotify.com/vn-vi/signup/,nqanhtu@outlook.com,7Khongco,
www.studocu.com,https://www.studocu.com/vn,nqanhtu@icloud.com,@nhTu0405,
www.studocu.com,https://www.studocu.com/vn/document/truong-dai-hoc-van-lang/truyen-thong-so/mo-hinh-peso-coca-cola-campaign-tet-2024/86602890,nqanhtu@outlook.com,@nhTu0405,
www.studyphim.vn,https://www.studyphim.vn/,ngqanhtu@gmail.com,7Khongco,
www.threads.net,https://www.threads.net/login,nqanhtu,waterfox,
www.traveloka.com,https://www.traveloka.com/,nqanhtu@outlook.com,7Khongco,
www.twitch.tv,https://www.twitch.tv/,nqanhtu,@nhTu0405,
www.typingclub.com,https://www.typingclub.com/,ngqanhtu@gmail.com,7Khongco,
www.udemy.com,https://www.udemy.com/,hatesignups@sogetthis.com,hatesignups,
www.udemy.com,https://www.udemy.com/,ngqanhtu@outlook.com,7Khongco,
www.udemy.com,https://www.udemy.com/cart/,Nguyen Quoc Anh Tu,@nhTu0405,
www.udemy.com,https://www.udemy.com/join/login-popup/,anhtuudemy@gmail.com,@nhTu0405,
www.udemy.com,https://www.udemy.com/join/login-popup/,nqanhtu@outlook.com,11112222,
www.uniqlo.com,https://www.uniqlo.com/vn/auth/v1/login,nqanhtu@outlook.com,@nhTu2903,
www.vietcombank.com.vn,https://www.vietcombank.com.vn/IBanking2015/55c3c0a782b739e063efa9d5985e2ab4/Account/Login,13052549A38,7Khongco,
www.vietcombank.com.vn,https://www.vietcombank.com.vn/IBanking2015/55c3c0a782b739e063efa9d5985e2ab4/Account/Login,13052549A38,7Khongcohahaha,
www.vietnamairlines.com,https://www.vietnamairlines.com/vn/vi/home,nqanhtu@outlook.com,@nhTu0405,
www.vietpn.com,https://www.vietpn.com/,ngqanhtuvpn,7Khongco,
www.vinid.net,https://www.vinid.net/,ngqanhtu@gmail.com,7Khongco,
www.vuemastery.com,https://www.vuemastery.com/vue-3-cheat-sheet,nqanhtu@outlook.com,@nhTu2903,
www.wattpad.com,https://www.wattpad.com/,tunguyenquocanh,7Khongco,
www.wattpad.com,https://www.wattpad.com/login,tunguyenquocanh,7Khongco,
www.wozber.com,https://www.wozber.com/en-us/app/m/register,nqanhtu@outlook.com,7Khongco,
www.wrike.com,https://www.wrike.com/account_setup,Nguyen Quoc Anh Tu,7Khognco,
x.com,https://x.com/i/flow/login,nqanhtu,@nhTu2903,
xem.kplus.vn,https://xem.kplus.vn/login,0334290396,7Khongco,
zoom.us,https://zoom.us/vi/signin,nqanhtu@outlook.com,@nhTu0405,
